diseaseID,GeneID,score
C0002395,3127,1.7935089
C0002395,7018,1.8593209
C0002395,7167,1.7967602
C0002395,267,1.7393197
C0002395,6517,0.8694016
C0002395,7019,0.889094
C0002395,8633,0.920323
C0002395,1141,2.2939925
C0002395,1441,0.46990165
C0002395,9182,-0.12730628
C0002395,26224,0.6682924
C0002395,4889,0.9516071
C0002395,84181,0.8267617
C0002395,201176,-0.29395205
C0002395,28513,-0.68207073
C0002395,2768,1.0145737
